Task No,Task Name,Student Name,E-mail,Date Time,Status,Course Name,Module Name
task1,,a,a,2025-10-08 04:46:55,Failed,a,CKA-MODULE_1
Task No,Task Name,Student Name,E-mail,Date Time,Status,Course Name,Module Name
task1,,a,a,2025-10-08 04:46:55,Failed,a,CKA-MODULE_1
Task No,Task Name,Student Name,E-mail,Date Time,Status,Course Name,Module Name
task1,,a,a,2025-10-08 04:46:55,Failed,a,CKA-MODULE_1
Task No,Task Name,Student Name,E-mail,Date Time,Status,Course Name,Module Name
task1,,a,a,2025-10-08 04:46:55,Failed,a,CKA-MODULE_1
Task No,Task Name,Student Name,E-mail,Date Time,Status,Course Name,Module Name
task1,,a,a,2025-10-08 04:46:55,Failed,a,CKA-MODULE_1
